name,email,phone,parent_name,parent_email,parent_phone,grade,school_type,prev_cs,q1,q2,q3,q4,q5
Ixer Tici,Lube@gmail.com,158-945-6235,Ris Equrod,Gaj@gmail.com,496-158-9795,11,CTE,yes,6,1,5,7,2
Dun Lova,Tor@gmail.com,975-172-2581,Poc Gebi,Ajuta@gmail.com,392-396-4498,10,charter,no,6,3,1,8,0
Vas Darik,Uril@gmail.com,912-646-5875,Oyo Jez,Ozade@gmail.com,451-391-8676,10,CTE,no,3,6,9,5,1
Rur Izimu,Uyo@gmail.com,285-241-3651,Gap Quezoyaf,Ehog@gmail.com,415-322-4189,11,CTE,yes,4,9,7,3,0
Julo Gidefa,Oseb@gmail.com,631-797-9984,Icu Semejot,Aned@gmail.com,223-226-9863,11,public,yes,6,0,1,4,1
Ufoz Juroj,Enig@gmail.com,853-293-5324,Siwon Epixac,Ajigi@gmail.com,542-147-2385,11,charter,no,9,1,3,2,5
Yil Dop,Isosa@gmail.com,385-898-8531,Irip Ucowu,Mon@gmail.com,265-158-1254,11,CTE,yes,9,5,0,8,8
Idi Alupu,Axec@gmail.com,458-311-9256,Oloj Ekug,Xuqu@gmail.com,862-129-7317,11,private,yes,8,0,0,8,7
Foy Wuk,Ukaxer@gmail.com,972-987-3943,Ujosex Baxahe,Nes@gmail.com,564-253-4636,11,CTE,no,1,4,9,6,0
Ibup Hofob,Inel@gmail.com,861-397-9495,Veh Ajamej,Eju@gmail.com,537-398-3566,11,public,no,1,4,3,0,9
Epog Puf,Col@gmail.com,438-316-8389,Vopec Vitiha,Ahi@gmail.com,932-541-3472,11,CTE,yes,4,6,2,2,7
Ori Ijufiw,User@gmail.com,347-217-3782,Ruc Canup,Hir@gmail.com,185-139-9352,11,charter,yes,1,9,3,0,1
Volo Ofuvod,Dowov@gmail.com,155-945-5775,Ome Ruse,Uyi@gmail.com,454-529-5298,10,CTE,yes,2,5,0,2,6
Ilafa Sayem,Jumu@gmail.com,318-584-7126,Iquej Tar,Kiw@gmail.com,977-716-4435,11,public,no,3,3,3,5,6
Ixan Ovunak,Koxa@gmail.com,749-193-8732,Oxedef Akucut,Eti@gmail.com,349-587-1592,10,charter,no,3,4,2,6,3
Rabuf Eboyoh,Tuh@gmail.com,147-253-6673,Anupaz Enumuk,Alo@gmail.com,786-554-1581,10,CTE,yes,7,3,6,4,0
Nip Ker,Oyiqu@gmail.com,885-586-6129,Bod Tezupo,Zad@gmail.com,243-545-3145,10,charter,yes,3,6,0,7,3
Ezap Ihit,Mik@gmail.com,595-454-6326,War Howequ,Egen@gmail.com,153-688-6724,11,private,no,0,6,5,4,1
Kaqu Usade,Odux@gmail.com,216-263-8598,Murad Zurof,Isag@gmail.com,253-468-6458,11,CTE,no,3,3,1,1,3
San Gequequd,Ige@gmail.com,568-725-4912,Ris Uquov,Owi@gmail.com,847-615-3523,11,private,no,4,0,9,4,7
Xeh Noxen,Vuc@gmail.com,167-498-8841,Gag Ohevep,Vaz@gmail.com,815-614-4872,11,private,no,7,1,6,8,7
Jef Korax,Duf@gmail.com,818-952-7242,Otep Icuz,Eliyu@gmail.com,883-226-1715,10,public,no,9,4,3,0,9
Eho Ucugu,Icor@gmail.com,236-896-6936,Ahez Onidagap,Mip@gmail.com,741-453-4395,10,public,yes,6,0,9,5,5
Uhisub Gufo,Yax@gmail.com,513-912-5112,Tot Lakax,Vay@gmail.com,577-534-4967,10,CTE,yes,9,1,8,0,5
Fiz Ozayoqu,Sub@gmail.com,976-464-8469,Oxovuj Xogoxo,Giw@gmail.com,993-713-2868,10,charter,no,3,7,9,2,1
Ran Cekat,Car@gmail.com,232-245-9315,Uvona Egadob,Mis@gmail.com,528-989-7293,10,charter,no,6,0,2,7,2
Ibuquo Bubal,Aquow@gmail.com,488-596-9367,Guc Kacoqu,Sej@gmail.com,132-578-4595,10,public,yes,6,1,9,5,7
Ute Ovar,Upu@gmail.com,769-181-6938,Laja Deroni,Fuqu@gmail.com,651-722-8531,11,private,yes,1,2,7,3,9
Gav Ebi,Inaz@gmail.com,342-392-3521,Him Onijev,Iru@gmail.com,172-637-1614,11,charter,yes,1,2,6,9,6
Tog Hoyo,Uyu@gmail.com,391-657-9956,Diw Itef,Iqul@gmail.com,858-499-7249,11,CTE,yes,6,5,5,2,2
Yok Okakalij,Aya@gmail.com,864-541-3995,Daqu Gara,Pey@gmail.com,596-273-8297,10,public,yes,5,8,1,4,0
Una Ojakic,Pow@gmail.com,875-216-9619,Omod Uzoquo,Ecur@gmail.com,457-894-1342,10,charter,no,8,7,4,9,2
Upi Equreg,Weg@gmail.com,886-519-8626,Onac Kodal,Xique@gmail.com,625-964-1883,10,CTE,no,6,1,3,4,6
Xih Ezuve,Esa@gmail.com,845-178-1379,Orac Ijihilu,Lex@gmail.com,149-187-6711,11,private,no,8,7,4,4,1
Quofij Axevep,Iyel@gmail.com,894-853-1565,Ero Iganodox,Icuj@gmail.com,768-526-2364,11,charter,yes,2,5,1,1,1
Awi Awudam,Dir@gmail.com,475-194-4897,Loj Sacixag,Zub@gmail.com,331-568-2714,10,CTE,yes,4,5,5,8,9
Eda Acotof,Eni@gmail.com,456-556-4493,Boki Fiwuh,Gin@gmail.com,875-612-3448,11,CTE,yes,9,7,0,6,8
Odehaz Puje,Nox@gmail.com,835-818-6779,Ikofo Huna,Wof@gmail.com,142-623-9233,10,private,yes,9,7,0,6,6
Duvo Uko,Ovu@gmail.com,258-368-3216,Roqu Quor,Adas@gmail.com,717-242-4632,11,private,yes,9,0,4,2,1
Juf Yibakay,Kuve@gmail.com,914-629-6255,Baliy Wop,Igeyex@gmail.com,641-756-2715,10,public,no,4,8,3,1,7
Ewiy Sil,Ujuqu@gmail.com,229-891-9331,Rex Xez,Rav@gmail.com,857-962-9297,11,charter,no,8,4,7,3,1
Vus Mex,Aquoje@gmail.com,774-365-9432,Nazu Cut,Yey@gmail.com,722-471-8454,11,CTE,no,2,5,1,8,7
Cer Ipa,Exa@gmail.com,249-763-2359,Usa Wux,Bar@gmail.com,456-236-7934,10,CTE,yes,8,1,5,4,8
Lin Aguxag,Vurey@gmail.com,893-735-5242,Foj Ijewip,Quobi@gmail.com,131-992-7855,10,CTE,no,9,5,4,8,7
Eputuk Yen,Ema@gmail.com,681-525-3698,Iwoxe Tehahuqu,Cabix@gmail.com,323-175-1912,11,private,no,2,0,4,2,4
Dilu Gen,Quazel@gmail.com,183-436-5213,Ihi Inot,Dim@gmail.com,452-243-9474,11,private,yes,1,9,6,6,0
Ruz Ape,Zed@gmail.com,591-426-7463,Fag Rar,Ice@gmail.com,979-681-9187,11,charter,yes,3,7,0,9,4
Ayuw Ned,Esi@gmail.com,896-944-9271,Ime Ihikeh,Eyam@gmail.com,721-768-3621,10,charter,no,4,4,7,0,0
Elel Wora,Por@gmail.com,933-612-5492,Xor Pay,Ujewoz@gmail.com,663-112-8927,11,private,yes,8,2,1,1,8
Uqum Ipumedo,Xuj@gmail.com,853-473-1439,Fex Atiy,Oco@gmail.com,678-515-1345,11,public,no,9,0,2,6,4
Ata Obul,Epup@gmail.com,761-179-7784,Unowe Olor,Ecuj@gmail.com,836-718-4644,10,public,no,0,1,7,2,3
Oxop Pobeg,Aquiz@gmail.com,693-199-1873,Oxu Tene,Uyep@gmail.com,143-927-7835,11,CTE,yes,4,1,5,5,9
Omu Ebokoc,Laqu@gmail.com,354-979-4354,Mom Xuxu,Agof@gmail.com,651-641-5294,11,public,no,6,3,4,2,1
Pila Esequo,Esegaqu@gmail.com,321-271-1892,Goy Lemu,Tuquf@gmail.com,881-583-7129,10,private,yes,2,5,5,2,2
Agi Yunuyuf,Ari@gmail.com,378-741-5273,Wagus Kimosip,Sis@gmail.com,515-969-2885,11,CTE,no,6,8,2,2,9
Anejo Tiwor,Equaz@gmail.com,963-343-4171,Eriqut Ezudamo,Loyo@gmail.com,279-144-1537,10,public,yes,9,0,5,1,7
Emacos Xini,Gina@gmail.com,975-142-9656,Ezaqui Egomo,Ihaqu@gmail.com,444-426-5931,11,public,no,6,8,2,7,4
Ajuj Kiro,Uxa@gmail.com,711-361-1223,Ofur Baleb,Ado@gmail.com,118-223-4219,10,public,no,3,5,0,1,0
Apu Oboye,Oyelev@gmail.com,946-263-6636,Age Kimi,Ofuyoc@gmail.com,427-345-2462,10,private,no,9,4,5,2,2
Aken Asadufuw,Tobi@gmail.com,527-538-9568,Otivox Hiyehig,Los@gmail.com,411-235-9463,11,public,yes,7,1,6,9,8
Dus Kur,Kez@gmail.com,452-128-5621,Azul Gipu,Jiwa@gmail.com,155-253-8727,11,public,no,4,3,1,6,0
Rep Xof,Wip@gmail.com,712-155-3163,Ivux Elavif,Huy@gmail.com,553-218-8148,11,charter,no,3,0,2,7,3
Cod Dosomi,Ebufu@gmail.com,159-553-7218,Iso Ciz,Juve@gmail.com,759-636-1718,10,private,yes,7,9,3,4,2
Zax Cate,Zak@gmail.com,173-813-1599,Tor Aza,Ode@gmail.com,995-329-4942,10,private,no,3,9,0,2,7
Quli Ilax,Ofak@gmail.com,793-238-5989,Duf Diqul,Eko@gmail.com,736-863-7652,11,charter,no,1,0,6,7,6
Jac Quocinul,Dat@gmail.com,477-727-7822,Fec Timebu,Miqu@gmail.com,256-478-2728,11,public,yes,0,2,7,9,3
Owo Recip,Ubac@gmail.com,462-587-5916,Uhoj Xomir,Ojih@gmail.com,756-326-4725,10,CTE,no,9,2,8,7,4
Imif Usewemiv,Ama@gmail.com,919-994-6878,Tij Iquowon,Sus@gmail.com,733-448-2364,10,private,no,1,5,7,7,3
Etem Arola,Ifoc@gmail.com,693-971-7712,Wup Quote,Oru@gmail.com,969-686-9829,10,CTE,no,7,5,7,3,3
Ujaque Exeko,Dud@gmail.com,647-861-8691,Ofamax Webof,Nir@gmail.com,958-766-7386,10,public,no,6,5,1,1,0
Rob Itati,Kaqu@gmail.com,456-828-3437,Jev Ruquol,Lij@gmail.com,952-993-1662,10,charter,yes,6,4,7,6,7
Guh Wiw,Bay@gmail.com,337-659-9626,Reb Copo,Zux@gmail.com,189-921-1816,10,public,yes,1,8,1,1,0
War Egova,Ode@gmail.com,181-335-7764,Xit Okijod,Eyinu@gmail.com,482-156-6731,11,private,yes,7,6,4,5,5
Onu Umuse,Fip@gmail.com,195-442-4921,Iyaref Dit,Pofug@gmail.com,797-288-1827,10,CTE,no,7,1,3,7,6
Ahub Rofuj,Mah@gmail.com,956-952-6738,Ilucur Onawuf,Usel@gmail.com,812-379-1413,11,charter,no,4,8,3,3,4
Edo Ipatic,Gez@gmail.com,418-159-1988,Fequ Xol,Dor@gmail.com,524-637-2776,10,public,yes,0,4,0,1,5
Dis Voroj,Eya@gmail.com,987-638-8754,Udi Iyodey,Unut@gmail.com,243-595-4888,11,charter,yes,1,5,3,7,6
Ajunod Ehicekog,Por@gmail.com,735-821-9316,Epuw Omowo,Ewuna@gmail.com,847-679-8573,10,private,no,7,2,6,8,3
Nuv Nuka,Ufil@gmail.com,339-523-4981,Uyam Anoyi,Xof@gmail.com,995-865-7724,11,CTE,yes,0,2,3,1,3
Oyu Pesu,Hotix@gmail.com,896-649-7885,Xev Wag,Nov@gmail.com,783-312-2244,10,private,yes,1,1,9,5,9
Omuv Ebupub,Ibihe@gmail.com,563-186-9871,Eta Naw,Set@gmail.com,596-827-2134,11,charter,no,2,3,8,5,9
Eta Maz,Pux@gmail.com,576-452-5913,Upab Odono,Ahe@gmail.com,634-538-9719,11,public,yes,5,5,0,6,5
Nile Ohe,Umu@gmail.com,834-294-3967,Gud Igebenu,Quyo@gmail.com,117-388-9548,10,private,no,3,9,7,3,3
Kir Hise,Gigaz@gmail.com,115-539-5333,Xox Unahawoqu,Ric@gmail.com,938-827-3836,11,CTE,no,0,1,1,3,4
Xeyom Quosi,Aque@gmail.com,541-694-7997,Idu Pup,Eruf@gmail.com,229-268-4872,11,CTE,yes,2,9,5,0,6
Ebah Rife,Gihux@gmail.com,682-653-1574,Ayez Acitaj,Budo@gmail.com,974-318-1912,10,charter,yes,9,5,3,7,2
Yon Onigaso,Xiri@gmail.com,241-546-4212,Fay Ayor,Puv@gmail.com,391-526-4343,10,CTE,yes,7,7,5,9,9
Ocoz Wezek,Uji@gmail.com,764-925-8349,Ocuru Acop,Osih@gmail.com,817-491-2876,10,public,no,2,6,3,8,1
Lag Kuci,Idahek@gmail.com,557-582-6745,Ixuh Tohiwu,Isuw@gmail.com,539-786-1767,11,private,no,9,5,4,7,1
Per Ehaho,Iruxi@gmail.com,949-567-9547,Cukuz Aluto,Ege@gmail.com,377-329-3588,11,public,yes,2,1,7,8,2
Kuyu Efav,Hav@gmail.com,274-387-7388,Pux Zoja,Wiw@gmail.com,756-451-2271,10,private,no,4,9,2,7,7
Ram Sofeg,Duf@gmail.com,694-567-4556,Okav Luzide,Odac@gmail.com,563-286-5387,10,charter,no,6,4,3,5,4
Wir Efamu,Etej@gmail.com,314-351-9545,Bup Ojo,Wezi@gmail.com,272-894-7789,11,CTE,yes,0,6,2,5,4
Ebu Sicezur,Ofa@gmail.com,193-964-4193,Fog Aheza,Ozu@gmail.com,945-563-3396,11,public,no,9,2,9,3,2
Ves Ekiti,Duqu@gmail.com,227-886-8169,Kuz Ocora,Ajup@gmail.com,419-867-8984,11,public,no,1,6,5,7,8
Ewiwar Sev,Ipe@gmail.com,237-764-9859,Quagiz Ubaha,Osah@gmail.com,492-546-5758,10,private,no,7,0,3,4,5
Ivem Osotuke,Ajadi@gmail.com,987-984-3818,Wosis Xetaz,Rol@gmail.com,271-888-2181,10,private,yes,0,5,9,9,5
Himat Uxiru,Equawow@gmail.com,722-152-3749,Uzimek Lukid,Zud@gmail.com,568-715-1845,10,charter,no,4,7,4,8,6
Onilox Etikikit,Yer@gmail.com,849-344-7618,Zem Yokun,Voja@gmail.com,362-622-2924,10,private,yes,4,5,8,7,9
Exes Roviz,Pew@gmail.com,453-629-3297,Equo Cefuc,Iho@gmail.com,296-377-9834,10,private,no,6,8,4,4,1
Wab Akisuki,Ude@gmail.com,954-641-9484,Loc Gogeza,Ilu@gmail.com,741-917-9289,11,private,no,6,3,6,5,9
Dan Vowi,Ret@gmail.com,393-237-6549,Atila Omoja,Cequ@gmail.com,959-845-2371,10,private,no,5,5,9,2,4
Vur Omas,Uha@gmail.com,651-457-4749,Ujo Vupe,Enehe@gmail.com,692-492-8542,10,public,no,8,6,5,8,9
Tuquo Val,Apiwe@gmail.com,518-136-9446,Key Unajokot,Loh@gmail.com,297-628-6584,11,public,yes,0,0,2,1,3
Mub Xefu,Nimu@gmail.com,356-422-5664,Robi Ugude,Exefo@gmail.com,481-967-6836,10,private,no,8,8,9,3,9
Fih Tizop,Oce@gmail.com,661-286-4536,Irux Evaman,Awan@gmail.com,638-579-9827,10,public,no,8,3,0,8,6
Aqua Idakef,Uxar@gmail.com,431-376-8694,Ucuzu Tiw,Akisu@gmail.com,946-512-9619,11,private,no,7,5,7,6,5
Ayub Paciz,Dom@gmail.com,156-454-8266,Ilaxed Volug,Epu@gmail.com,762-685-3137,11,public,yes,6,7,6,8,1
Oyad Rubu,Azos@gmail.com,619-427-4123,Wef Lul,Vaz@gmail.com,224-865-9967,11,private,yes,6,8,4,0,6
Ogew Vuc,Ozic@gmail.com,952-444-2913,Uxivu Upulo,Uhef@gmail.com,159-181-5141,11,private,no,7,8,1,2,2
Uben Oluvul,Ewi@gmail.com,198-551-1438,Lej Opese,Imel@gmail.com,262-276-3398,11,CTE,yes,1,9,9,7,5
Tuc Aceya,Mop@gmail.com,411-981-7466,Poro Wac,Iyob@gmail.com,249-982-9562,11,charter,no,5,8,1,7,4
Ohe Ujodu,Uhe@gmail.com,767-695-1795,Pisuh Ozudu,Sih@gmail.com,273-992-4321,10,private,no,8,6,5,0,4
Kac Ukovakor,Dihu@gmail.com,222-974-4874,Iyo Hux,Adap@gmail.com,775-521-7643,11,CTE,yes,5,1,5,5,5
Ezo Zodo,Lex@gmail.com,111-984-8244,Yug Aquiwa,Iyef@gmail.com,488-271-9675,10,public,yes,0,6,9,2,5
Owas Dolo,Gel@gmail.com,849-834-1922,Uquenub Vuzixo,Ququop@gmail.com,765-953-5787,11,charter,yes,6,2,2,7,4
Jul Juh,Poh@gmail.com,598-625-7512,Oquevo Wuwinid,Isu@gmail.com,763-395-3535,11,private,no,8,6,3,6,7
Vage Iyike,Naj@gmail.com,829-651-6291,Soh Opuxapav,Yik@gmail.com,313-255-5315,10,public,yes,7,7,6,3,9
Yum Wejet,For@gmail.com,913-153-2398,Abug Ogesawa,Ulij@gmail.com,399-622-3425,10,private,yes,9,3,4,5,2
Idoqu Uxotiy,Uve@gmail.com,169-784-6318,Vob Evoji,Ocubep@gmail.com,416-357-7492,10,CTE,no,8,2,0,1,1
Meb Izov,Sem@gmail.com,153-553-9989,Acomo Heliso,Acofoz@gmail.com,637-754-7361,11,charter,yes,5,8,3,8,4
Inuron Yotemoj,Aterak@gmail.com,514-835-3448,Sij Ufuquo,Kequ@gmail.com,835-126-6244,11,public,no,5,6,6,7,7
Peb Lesa,Hog@gmail.com,789-185-2766,Obocut Vuderur,Xot@gmail.com,757-257-7768,10,public,no,7,2,6,8,6
Cop Tuyuz,Rul@gmail.com,337-737-9833,Cisoy Yuce,Yog@gmail.com,961-218-1774,11,public,yes,6,0,1,1,2
Zabu Unodoc,Ace@gmail.com,747-937-2495,Epuquo Kem,Hod@gmail.com,851-732-5968,11,private,yes,3,5,4,8,5
Zot Oquak,Rif@gmail.com,213-945-8221,Mat Axazah,Farof@gmail.com,627-499-6314,10,charter,no,9,2,9,8,2
Pow Apezid,Ehof@gmail.com,263-873-9665,Muh Yakoza,Bet@gmail.com,719-323-8671,11,charter,no,5,4,6,2,4
Ured Amohibe,Baz@gmail.com,218-347-5729,Atu Ipa,Saro@gmail.com,182-659-5533,11,private,no,3,7,7,6,6
Avugen Ubet,Jazal@gmail.com,698-235-8719,Esif Emufiqu,Owohu@gmail.com,536-842-3736,11,public,no,9,8,0,0,2
Ehu Efoyi,Osukoc@gmail.com,361-451-9156,Luzur Jiv,Yal@gmail.com,574-338-1183,11,public,yes,4,6,0,7,5
Koduw Ujagu,Fuday@gmail.com,646-938-5973,Xav Exisufu,Fari@gmail.com,845-957-2768,10,charter,yes,3,6,8,4,0
Oket Ifu,Dob@gmail.com,597-228-9416,Ibe Ota,Oxagan@gmail.com,883-444-3398,10,charter,yes,8,1,6,2,6
Iyoh Uhatequ,Xanol@gmail.com,939-985-4819,Axec Sof,Hof@gmail.com,688-628-6584,10,CTE,yes,0,9,7,3,1
Ipa Imet,Poxow@gmail.com,238-237-3768,Uvawo Gej,Esi@gmail.com,448-613-8116,11,private,yes,5,4,9,2,9
Owipez Rowaquov,Jab@gmail.com,126-796-8168,Ugok Azodun,Agig@gmail.com,169-865-1959,10,public,yes,4,2,1,2,4
Bow Fuyu,Azoli@gmail.com,121-563-4172,Kav Igevukob,Nup@gmail.com,451-524-2386,10,public,yes,7,1,4,4,5
Iso Uyaz,Fanuh@gmail.com,381-718-5672,Reb Ehoyogop,Obaxoj@gmail.com,378-545-5758,10,private,no,5,3,0,4,0
Age Uloxa,Uxi@gmail.com,136-374-2523,Rebi Ser,Goz@gmail.com,141-283-7962,11,private,yes,1,3,5,9,4
Awa Unaser,Ifez@gmail.com,794-334-7974,Etibut Ukofu,Elu@gmail.com,943-763-6348,11,charter,yes,9,4,0,6,7
Sav Cumom,Ukoy@gmail.com,729-196-6723,Akej Efuro,Rac@gmail.com,511-567-7342,11,public,no,7,9,2,3,0
Roquop Nopus,Fex@gmail.com,176-855-9712,Oji Ubi,Cequ@gmail.com,377-552-9462,10,charter,yes,7,4,6,4,2
Ijob Gakey,Uja@gmail.com,428-254-7364,Ako Honih,Pig@gmail.com,426-186-2176,11,CTE,yes,4,7,4,2,0
Fel Hidat,Foy@gmail.com,866-266-7539,Oze Bipo,Bexix@gmail.com,586-722-3331,11,CTE,no,4,0,2,6,5
Naduf Pofew,Rep@gmail.com,333-734-6822,Uzaka Uxejiquen,Aquo@gmail.com,612-289-4982,11,charter,no,3,5,1,7,9
Ojig Ucuwaw,Ven@gmail.com,666-228-4882,Row Emekiluj,Uhu@gmail.com,288-841-2381,11,public,no,1,3,3,9,2
Lir Ayada,Muc@gmail.com,742-269-2812,Puy Mekez,Quiw@gmail.com,575-362-4384,11,CTE,no,3,6,9,6,9
Ola Iquaho,Oto@gmail.com,554-182-9675,Ipulus Elu,Oqufe@gmail.com,976-138-6345,11,private,no,0,5,2,1,9
Icuquow Kave,Vag@gmail.com,719-632-1187,Yac Asepe,Uda@gmail.com,811-578-6148,11,private,yes,8,0,5,8,2
Aboc Abik,Das@gmail.com,256-742-1552,Imi Wib,Oci@gmail.com,291-646-8879,10,CTE,yes,5,3,4,8,9
Oji Avihaxow,Tux@gmail.com,753-143-6183,Ozus Yoleb,Nukor@gmail.com,142-961-6925,11,charter,no,3,8,5,5,0
Suw Gut,Xomuj@gmail.com,969-979-8535,Utaciv Funipi,Uzela@gmail.com,732-399-3215,10,private,yes,6,6,5,0,4
Wop Iho,Aque@gmail.com,898-753-5685,Ido Iyeji,Irohep@gmail.com,677-646-8676,11,charter,no,5,5,8,8,7
Poy Equiyubu,Cod@gmail.com,533-967-2888,Fic Fivad,Orico@gmail.com,865-672-1787,10,public,no,4,8,8,5,4
Uxud Fehorix,Itey@gmail.com,147-972-9696,Guf Ididip,Zaf@gmail.com,548-213-8987,10,charter,no,0,8,2,4,4
Cal Jace,Umuv@gmail.com,173-238-1459,Upal Ahi,Wib@gmail.com,782-218-6759,11,charter,yes,6,4,2,6,6
Epej Uxevu,Woy@gmail.com,961-756-7428,Emez Ube,Peh@gmail.com,695-943-9718,10,charter,no,4,7,6,4,9
Fin Ogini,Ulu@gmail.com,111-657-9267,Hud Hoxey,Oviju@gmail.com,871-656-8176,10,private,no,1,7,3,9,7
Jor Wep,Uxini@gmail.com,582-162-5762,Jav Awerib,Icog@gmail.com,771-323-5312,10,charter,yes,5,4,5,2,5
Oxiy Exudu,Por@gmail.com,812-684-7384,Pul Aduquifi,Oyoxi@gmail.com,828-885-2338,11,charter,no,4,1,8,9,7
Ela Ikoja,Zix@gmail.com,985-113-4499,Vut Tane,Led@gmail.com,399-446-7439,10,charter,yes,5,6,7,5,5
Nez Iwop,Miz@gmail.com,451-456-2629,Exeg Eraqu,Iwezak@gmail.com,899-814-3889,10,private,yes,9,4,1,2,6
Elamoj Quepi,Xixib@gmail.com,385-886-2916,Pube Equey,Icur@gmail.com,275-423-4723,11,CTE,no,5,3,5,0,5
Dep Kokomon,Gus@gmail.com,253-267-9794,Unip Evuja,Gusox@gmail.com,379-124-8272,10,CTE,yes,9,9,6,3,6
Enivi Owixi,Suhe@gmail.com,231-618-8446,Voc Vutaw,Uku@gmail.com,477-223-9348,11,public,no,3,2,8,2,5
Afica Fipiger,Uvow@gmail.com,599-163-5748,Edaqu Enarax,Rop@gmail.com,642-165-7658,11,charter,yes,9,0,7,7,3
Egeve Vuru,Abu@gmail.com,941-153-4336,Wur Peceyuz,Ufet@gmail.com,314-683-1341,10,charter,yes,8,5,6,4,3
Erib Wanehe,Dul@gmail.com,259-778-5789,Buki Ucosiw,Uquef@gmail.com,747-213-8146,11,CTE,no,6,1,2,5,5
Xeme Xufoj,Abi@gmail.com,992-291-2142,Zom Uguh,Tayo@gmail.com,926-619-1241,11,private,yes,8,5,2,3,6
Kek Asijo,Hug@gmail.com,852-162-7868,Ded Anapi,Lot@gmail.com,488-728-7671,11,charter,no,0,2,4,7,9
Axo Suyu,Ira@gmail.com,516-792-7169,Iboxid Moxini,Ber@gmail.com,294-828-3734,10,CTE,yes,7,4,0,3,5
Lat Wiwe,Jaja@gmail.com,887-853-8337,Huf Ipigiyo,Rap@gmail.com,661-455-4446,10,private,no,3,3,9,6,7
Hux Utahuqu,Uhe@gmail.com,581-694-6745,Cog Oyuwaqu,Gut@gmail.com,398-139-9492,11,CTE,no,9,4,2,6,7
Apiw Usahomoy,Capuqu@gmail.com,177-532-6651,Upuw Jivequv,Ozi@gmail.com,468-713-9584,10,public,no,2,4,1,2,8
Awo Eda,Vin@gmail.com,627-463-5319,Wub Nebep,Daf@gmail.com,938-356-9758,11,CTE,no,7,8,2,6,0
Uhe Itasini,Nun@gmail.com,177-414-1227,Oca Raca,Oda@gmail.com,114-554-8653,11,CTE,no,0,9,1,7,0
Ateku Ekigey,Dokor@gmail.com,276-995-7369,Apa Limaju,New@gmail.com,138-279-5996,10,public,no,0,5,2,2,4
Hoz Quolufo,Nome@gmail.com,136-164-3516,Ema Ijizonaf,Git@gmail.com,123-974-4415,10,public,yes,7,6,6,9,6
Cabih Isuwu,Hiw@gmail.com,644-731-2613,Umoc Ekocutib,Ezahex@gmail.com,458-756-6141,11,charter,no,8,0,1,8,3
Hil Ukecu,Eric@gmail.com,389-467-9911,Xiv Ojuv,Him@gmail.com,298-314-6966,11,charter,yes,9,6,4,6,5
Xaf Mix,Aro@gmail.com,768-549-4361,Taj Zayof,Joz@gmail.com,879-752-7829,10,CTE,no,0,7,9,1,5
Lom Ekaloj,Ujivik@gmail.com,168-458-6145,Ebe Exemiyu,Iwiquo@gmail.com,619-791-8667,10,public,yes,3,4,4,6,6
Xamu Cor,Sas@gmail.com,856-259-2582,Ego Ozovaku,Poyad@gmail.com,668-876-1858,10,private,no,5,2,4,7,1
Xev Amutot,Xuz@gmail.com,156-922-8127,Yuj Molug,Yuk@gmail.com,685-383-4921,11,public,yes,4,4,1,8,1
Get Iwav,Riv@gmail.com,336-619-3556,Vex Tido,Siqu@gmail.com,928-828-1635,10,CTE,no,7,7,5,1,3
Dif Xuka,Tibaqu@gmail.com,712-415-7484,Rol Kone,Anohi@gmail.com,823-386-5266,11,public,yes,3,0,3,0,9
Kevib Ayi,Tam@gmail.com,515-162-4227,Isir Kekug,Quok@gmail.com,756-346-8355,11,private,no,3,0,5,6,6
Icofe Wox,Yad@gmail.com,617-111-5628,Iyix Itiru,Bag@gmail.com,386-881-8755,11,public,no,8,8,4,0,8
Buj Osizul,Win@gmail.com,943-374-9668,Pop Boley,Nad@gmail.com,957-524-9374,11,CTE,no,0,4,4,3,9
Yixes Zaja,Ucoj@gmail.com,358-915-7675,Kul Yadexi,Osi@gmail.com,984-923-5281,11,private,no,1,2,4,4,2
Fase Ariquital,Jem@gmail.com,459-569-8173,Uyoz Efibon,Giqu@gmail.com,534-839-1886,10,private,no,5,0,1,5,5
Aza Otuze,Non@gmail.com,567-242-9191,Ocadu Ejuyonu,Non@gmail.com,247-711-4412,11,charter,no,9,5,2,1,7
Zuqua Fafag,Yof@gmail.com,743-528-3163,Quzoz Bojak,Zec@gmail.com,636-168-4789,10,CTE,no,4,0,1,7,9
Okuh Imeleg,Tel@gmail.com,655-867-8427,Owef Kenanuj,Tig@gmail.com,741-518-8524,11,charter,yes,1,1,8,1,8
Uye Yeciyo,Yoz@gmail.com,544-184-9255,Dawiqu Xehuh,Civ@gmail.com,438-691-6929,11,CTE,no,9,6,3,9,5
Uvuti Lako,Ipij@gmail.com,293-225-1333,Wiy Evequy,Evabu@gmail.com,545-947-1246,10,private,no,7,7,9,1,2
Kon Gisetuv,Eje@gmail.com,247-175-7882,Udir Iwexog,Eguxe@gmail.com,527-643-6223,10,public,yes,9,4,5,8,5
Rih Mowe,Emodis@gmail.com,154-132-5185,Alef Voc,Uye@gmail.com,328-794-3374,10,CTE,yes,7,3,6,6,3
Esiz Cafek,Odi@gmail.com,321-221-6751,Guk Cig,Ber@gmail.com,386-719-4126,10,charter,no,9,9,6,3,8
Akeg Owiyah,Acoj@gmail.com,497-223-9923,Eyux Lojir,Ate@gmail.com,713-394-3968,10,public,no,0,4,5,6,6
Oro Ezirab,Odowa@gmail.com,142-564-4341,Yeb Yani,Uhukud@gmail.com,653-619-6949,10,charter,yes,5,2,2,8,2